strings,hashed_value
basketball,hash_7cd9fb78e5309f96
eq_decoy_grenade,hash_76ec99ba0fcd585d
eq_emp_grenade,hash_21b346649d376bf3
eq_grapple,hash_3a19c6a9c8caef33
eq_gravityslam,hash_4bb2d7f789b561eb
eq_seeker_mine,hash_4a4ba36128b6582f
gadget_health_boost,hash_52aca7c35be649b8
gadget_health_regen_squad,hash_767346e10a003f67
spectre_grenade,hash_531d2030796963b2
ww_blundergat_t8,hash_19c157f2230454ad
launcher_standard_t8_upgraded,hash_7f6a3674177103f1
warzone_solo,hash_35f8ee90cbffa9e7
warzone_duo,hash_327338a0b51bd1e4
warzone_quad,hash_14de0f7fa012b74f
warzone_escape_duo,hash_63ca3fdb7abe2758
warzone_escape_quad,hash_58d5a3978376b453
warzone_escape_quad_dbno,hash_5ed8c34a9e1597d5
wz_escape,namespace_e4918a50
scripts/wz/wz_escape.csc,script_6b88c6dbd92ade02
scripts/wz/wz_escape.gsc,script_4b021adbc7580376
mp_austria,hash_5a24b2b75032fad0
mp_casino,hash_623073ec102c587a
mp_firingrange2,namespace_f6612004
scripts/mp/mp_firingrange2.gsc,script_4827dd410552abc7
scripts/mp/mp_firingrange2.csc,script_6c1449411a084293
mp_frenetic,hash_6b9fd25bcf5649cb
mp_seaside,hash_31d29891e0259e47
mp_silo,hash_6ccddb822640b098
dom_hc,hash_2b1e0466676a9e7d
dom_snipe_bb,hash_354e5bb03294546c
sd_hc,hash_7a9ce625ed68488a
tdm_bb,hash_2abbefd6e937a3e5
tdm_hc,hash_2ad10ed6e94a349c
tdm_bb_hc,hash_6cb10cb6a270c743
tdm_snipe_bb,hash_4b0e55dc36e1238d
dm_bb,hash_48e8c4b8989a68bf
control_hc,hash_1acc245ba0adf546
control_bb,hash_1aaa255ba0911093
sd_bb,hash_7a7ae725ed4b63d7
conf_bb,hash_4109f11f82e680c4
sas_hc,hash_2f2a3faa406faca6
sd_cwl,hash_5fab537230960e87
ctf_bb,hash_7f1055ba2b245959
ctf_hc,hash_7eee54ba2b077140
ctf_bb_hc,hash_44e4ea594e784497
dom_bb,hash_2b3ffb6667877598
escort_hc,hash_6999ad920e0c2033
koth_hc,hash_4d813729d9a4bebd
koth_bb,hash_4da32e29d9c195d8
koth_cwl,hash_3573521d07ef71f6
clean_bb,hash_75b0a741c66d6d93
clean_hc,hash_75d2a641c68a5246
gun_hc,hash_2c9bf6486c8d5123
infect_hc,hash_36ec512a45b61e1c
dem_hc,hash_69f97b66f80cb88b
ball_hc,hash_7e279a00003eea98
bounty_hc,hash_2f6e1c35e35e3cfe
prop_hc,hash_5fa2c7e9d9b8185c
ztcm,hash_33037f6188bd285f
ztcm_escape,namespace_d3639c95
ztcm_towers,namespace_f2f61411
wz_spectre,namespace_14c378fe
wz_player,hash_6d455d07ee9a592c
wz_player,namespace_2d81529e
w_player,var_fb9dfd01
ar_accurate_t8_upgraded,hash_4dfeb08c20a14b8b
ar_damage_t8_upgraded,hash_478e71d96c16eb50
ar_fastfire_t8_upgraded,hash_2b648e8ce3814bbb
ar_mg1909_t8_upgraded,hash_55330e258be3e3cc
ar_stealth_t8_upgraded,hash_2c8e9cd5fbd53e70
lmg_double_t8_upgraded,hash_2721c688766673fb
lmg_heavy_t8_upgraded,hash_6aadfdc58af04635
lmg_spray_t8_upgraded,hash_1efb82c43276a4e3
lmg_standard_t8_upgraded,hash_1fc7843987e89a83
lmg_stealth_t8_upgraded,hash_55ab674fdfba3485
special_ballisticknife_t8_dw_upgraded,hash_3882e337d28ec4df
pistol_burst_t8_upgraded,hash_2df0835a53060b95
pistol_fullauto_t8_upgraded,hash_7dc8f3611c942007
pistol_topbreak_t8_upgraded,hash_6a0c4101e88a4707
special_crossbow_t8_upgraded,hash_7a3940c928f342e7
shotgun_fullauto_t8_upgraded,hash_2f4a72ac7be5902e
shotgun_pump_t8_upgraded,hash_459f15018585edda
shotgun_semiauto_t8_upgraded,hash_713d1e36bd254b65
smg_accurate_t8_upgraded,hash_757d19cbfbeb94b7
smg_capacity_t8_upgraded,hash_354b896513d0581d
smg_drum_pistol_t8_upgraded,hash_3477cc89337a5ea5
smg_fastburst_t8_upgraded,hash_6184fe412da2bb57
smg_fastfire_t8_upgraded,hash_435dd4ea9f2fd1bf
smg_handling_t8_upgraded,hash_514128f7d058cde0
smg_mp40_t8_upgraded,hash_552dc81e8f3ba5bc
sniper_locus_t8_upgraded,hash_65f0a900303f4c55
sniper_mini14_t8_upgraded,hash_62c799cc48d4d897
sniper_powerbolt_t8_upgraded,hash_16044c4b951b7bdd
sniper_powersemi_t8_upgraded,hash_173040967fe4f754
tr_flechette_t8_upgraded,hash_24c644460c2b5642
tr_leveraction_t8_upgraded,hash_7f8028bb8adc966c
tr_longburst_t8_upgraded,hash_4bf5a2219b1a65d2
tr_midburst_t8_upgraded,hash_44f95b73da64d7ee
homunculus,var_48ad08f5
w_homunculus,var_87e6a031
a_homunculus,var_6b0bc54f
w_part,var_5ab22b80
w_upgrade,var_60da4cc1
diego,hash_23b4b1996e6d8717
scarlett,hash_323155d0bfdb52df
tedd,hash_7a2dd4ef19b80f32
primis_nikolai,hash_77d5002dc06ba8cd
primis_dempsey,hash_6baa6fd645c39e13
primis_richtofen,hash_53c0d6c8c24fa6be
primis_takeo,hash_2241635d7c733b4e
isfar,var_5a15eef2
t_far,var_46e3b24
swat_grenade,hash_120d7ead19a15cbf
aplayer,var_dc6d0f9a
see_,hash_2cfacc18d3ecb7ad
winxp,hash_28fedb9313539419
ai_vp,hash_29c66fe4ec4332f6
vpods,hash_2df8832316a42fe1
isobj,hash_49b115fae591f06a
do_bm,hash_44d685aa9a6085ac
hq_hc,hash_3fd30ae55a7e7b6a
skip1,hash_247b9e41efaa41a9
skip2,hash_247b9b41efaa3c90
skip3,hash_247b9c41efaa3e43
pap_1,hash_1dd7a9a7abf4d516
pap_2,hash_1dd7a8a7abf4d363
pap_3,hash_1dd7a7a7abf4d1b0
phys1,var_14ef8b33
phys2,var_57bec48
phys3,var_13b288bd
phys4,var_e2112573
phys5,var_f052c1f6
phys7,var_dead1eab
phys8,var_93b808c2
phys9,var_baf75740
phys10,var_489b3277
phys13,var_6fdb00fa
phys18,var_bb14176b
phys19,var_c8d3b2f6
phys20,var_1d2350d9
col7,var_15af6c19
col8,var_217983ad
col9,var_eabe9600
col10,var_9af375c9
col11,var_ac389853
col12,var_757caadc
col13,var_88cad178
col16,var_2c25182e
col17,var_3faebf41
col18,var_8c05165
col19,var_1af0f5c6
vec_0,var_22f1ed01
vec_1,var_531b181
vec_2,var_bea5a46a
bank3,hash_5d9e7981e1527c4c
bank4,hash_5d9e7881e1527a99
slot0,hash_668c6d6bb1eec153
svz_hc,hash_73c82b5838fb050a
hawk_wz,hash_695cd3bbff366240
hawk_mp,hash_6904e1bbfeec0434
hawk_mp,namespace_25e7a951
hawk_wz,namespace_a91ab695
dot_end,function_1fe7552b
zip_end,hash_23d1ae8124c172d6
sulfur,hash_2e2de79ba5c0c3ac
saturn,hash_3d9794c2cbefd496
neptune,hash_4a879ac9b5ff61f2
zm_white_main_quest,hash_290a78ab47105457
zm_white_main_quest,namespace_3e3742fd
zm_red_main_quest,namespace_31170709
e_lockdown_door,var_80ff15bc
a_planets,var_8c2abc2
wz_rat,hash_4669bb9e206b09e4
do_mst,hash_28985be47f864a03
galley,hash_14d77f672932c6bb
cheat1,hash_429bdbdfaae45ca7
story1,hash_517389c0ae1875f9
sc_mh1,hash_51c79c8e74688138
sc_mh2,hash_51c79f8e74688651
sc_mh3,hash_51c79e8e7468849e
sc_lb1,hash_478cff8e6e2b9aad
sc_lb2,hash_478cfc8e6e2b9594
sc_lb3,hash_478cfd8e6e2b9747
sc_cl1,hash_3fc3ce8e6a02292e
sc_cl2,hash_3fc3cd8e6a02277b
n_lvl1,var_1a4d3b35
n_lvl2,var_1cf44083
n_lvl3,var_9d17c0c8
wz_ball,hash_65e1752e269c2960
mq_hell,hash_3509fda15e89663b
botfill,hash_688c3ba84e378e53
botfill,var_c93ad421
mq_wisp,hash_168ff55413401523
s_bn_sp,hash_39dd00cf30f3702f
drop_o,hash_52c62df546998ab2
hide_p,hash_29eff9df29117312
no_ads,hash_3d10e2fd98b0c3ab
fx_ids,var_1e8ab977
h_road,hash_73edbc7fe1637606
ra_base,hash_1eff8bf5485daa04
ww_base,var_cfa35904
on_buff,hash_24e698e565a21a44
on_buff,function_f52ee680
_i_mode,var_ea1ac6a5
_models,var_9dccf4b9
hvo,hash_33112f192fb3c234
hvo,var_9a8d2924
hvo,namespace_9a8d2924
deah,hash_25bc166742557903
zm_white_devgui,namespace_db259423
zm_orange_devgui,namespace_c3bb1e21
w_bowie_knife,var_1c0d76f8
420,hash_2bd23a1809bb3649
872,hash_148ca2184545ba86
666,hash_3e1a1e18145b8081
wz_stash_blackjack,hash_6111cfdbe7da9cd1
wz_stash_blackjack,namespace_52f559a
a_alive_players,var_4553626a
ignored_player,var_7dfcc4b7
isclose,var_dae3e8db
bot_util,namespace_87f62ea8
scripts/core_common/bots/bot.csc,script_434853ad510a7cfb
scripts/core_common/bots/bot.gsc,script_2255a7ad3edc838f
scripts/core_common/bots/bot_chain.gsc,script_366ff0bb9cb7adb1
wz_vehicle,namespace_964fbfb5
e_bruno,var_5adbb2f7
e_scarlett,var_4b922415
e_elephant,var_e1892f1c
e_perseus,var_d185d097
e_pegasus,var_43a9e671
e_loc,var_837a5de6
z_pos,var_636e904a
wz_infection,hash_31f83f7a18d98ab2
scripts/wz_common/infection.csc,script_6fdd6460450de938
scripts/wz_common/infection.gsc,script_4bf0b8603057e5ac
w_knife,var_be633b3a
w_upg,var_dbf50034
w_upgraded,var_91bb47aa
w_tomahawk,var_f92d6c6e
scripts/wz_common/wz_spectre.gsc,script_6fa763c29616a2a7
scripts/wz_common/wz_spectre.csc,script_1393cfc2aacc3973
scripts/wz_common/gametypes/warzone.gsc,script_51f4cef054ca0f89
scripts/wz_common/gametypes/warzone.csc,script_764d7af069db31f5
ztcm,namespace_f838b0ea
scripts/zm_common/gametypes/ztcm.gsc,script_41b2505ce28d8eff
scripts/zm_common/gametypes/ztcm.csc,script_660bfc5cf7a0646b
ztcm_zod,namespace_3e503b25
scripts/zm_common/gametypes/ztcm_zod.gsc,script_6d675531a1c280f9
scripts/zm_common/gametypes/ztcm_escape.gsc,script_2aef2473a51a6f2d
scripts/zm_common/gametypes/ztcm_towers.csc,script_69057f539f58d37c
scripts/zm_common/talisman/zm_talisman_box_guarantee_box_only.gsc,script_68d0af4307c05cca
scripts/zm_common/talisman/zm_talisman_coagulant.gsc,script_37cd05f5ce399867
scripts/zm_common/talisman/zm_talisman_extra_frag.gsc,script_3912c6b178efd520
scripts/zm_common/talisman/zm_talisman_extra_molotov.gsc,script_15c45f6ceed8c664
scripts/zm_common/talisman/zm_talisman_extra_semtex.gsc,script_741ad7d45afb75ac
scripts/zm_common/talisman/zm_talisman_special_startlv2.gsc,script_7daae2066da4b3f7
scripts/zm_common/talisman/zm_talisman_special_startlv3.gsc,script_68c06910e987dea0
scripts/zm_common/talisman/zm_talisman_perk_permanent_3.gsc,script_729483e239af8960
scripts/zm_common/talisman/zm_talisman_perk_permanent_4.gsc,script_5ec7afe85b493b9d
scripts/zm_common/talisman/zm_talisman_shield_durability_legendary.gsc,script_6df8c1e16bc0a728
scripts/zm_common/talisman/zm_talisman_shield_durability_rare.gsc,script_3975dbbf20d501ed
scripts/zm_common/talisman/zm_talisman_start_weapon_ar.gsc,script_1c51d02b2a870d66
scripts/zm_common/talisman/zm_talisman_start_weapon_smg.gsc,script_1baaed37fe4669a4
scripts/zm_common/talisman/zm_talisman_start_weapon_lmg.gsc,script_261bf0c99a18fc19
scripts/zm_common/talisman/zm_talisman_extra_miniturret.gsc,script_271b338bc5e801f1
scripts/zm_common/talisman/zm_talisman_perk_start_1.gsc,script_7fb938e966bd5c04
scripts/zm_common/talisman/zm_talisman_perk_start_2.gsc,script_3ab029db1d973ccd
scripts/zm_common/talisman/zm_talisman_perk_start_3.gsc,script_192830e549417cae
scripts/zm_common/talisman/zm_talisman_extra_self_revive.gsc,script_5df638a3d57a3d44
scripts/zm_common/talisman/zm_talisman_perk_reducecost_1.gsc,script_45a4e17fd13b3121
scripts/zm_common/talisman/zm_talisman_perk_reducecost_2.gsc,script_42499e7667ceb9a8
scripts/zm_common/talisman/zm_talisman_perk_reducecost_3.gsc,script_2e8dd558d392a29f
scripts/zm_common/talisman/zm_talisman_special_xp_rate.gsc,script_59abbd3afb4260b8
scripts/zm_common/talisman/zm_talisman_permanent_heroweap_armor.gsc,script_283b3be013074b6d
scripts/zm_common/talisman/zm_talisman_weapon_reducepapcost.gsc,script_469904a7587a8d6e
molotov_zm,hash_73305c73e19c1e8f
molotov_fire,hash_23dd6039fe2f36c6
w_fire,var_e71dffbb
w_random,var_e221c195
acid_bomb,hash_4eba302dfad99d61
acid_bomb,namespace_e6ad7806
wz_medals,namespace_42a289ec
wz_medals,hash_5b9c15de63c9b9b9
wz_dynents,hash_61d578a98d57a51e
wz_dynents,namespace_2f51db47
wz_fishing,hash_33c476e136a43b71
wz_fishing,namespace_3721c7d5
wz_loadouts,namespace_441c2f1c
wz_loadouts,hash_4ae4c6663b1a8c0c
wz_snowball,hash_7f877a112c8c4187
_hash,var_5a5260d8
start_warzone,hash_1c605a92cc507414
start_warzone,function_1bcd6e1e
start_t,var_ed08031a
end_t,var_1da12059
stop_end,hash_7302df3669fb310b
e_light_fx,var_63f53893
mp_init,function_11b299fc
tagfx,var_65837411
playerclientnum,var_c9b7411e
luievent,var_97370473
lui_event,var_276aad88
event_struct,var_30d3139
scripts/wz_common/wz_dynents.gsc,script_4cbe46ced385549e
scripts/wz_common/wz_loadouts.gsc,script_5209c07c35771d12
scripts/wz_common/wz_fishing.gsc,script_152cc3be21f85b61
scripts/wz_common/wz_medals.gsc,script_6f9e02c0476fb903
scripts/wz_common/wz_fishing.csc,script_39196fbe36ae5eed
scripts/zm_common/zm_loadout.gsc,script_14f4a3c583c77d4b
w_snowball,var_ad5d43cf
e_fish,var_3adcbaed
set_clientfield,function_b0c4e363
e_red,var_92ee6d8f
e_green,var_ca5d3cc2
e_blue,var_a5e8b59c
e_col,var_82d27368
e_pap,var_a84febff
e_bot,var_7fdf7b71
player_mp,hash_413cdfff74818010
active_players,var_4550a175
_infected,function_a564e332
ci,var_abaefc38
e_pickup,var_6fbdd8ad
componenttype,var_96509353
defend_comp,hash_73e9e7476fdbc069
kills_after_damage_unarmed,hash_134e5aebf69e00ec
vehicles_destroyed_occupied_using_vehicle,hash_3272da96f1ec5819
distance_traveled_vehicle_water,hash_3fab092fd8ce8149
items_backpacks_used,hash_6d4bd5340be109a5
vehicle_lock_exits,hash_79c8466e54f49c21
vehicle_escapes,hash_68fb4d162b6d7c20
kills_early,hash_199467721898923a
activation_count_broadcast,hash_1e2d4099885069b1
baskets_made,hash_2b0f45ea73dd16b0
kills_eliminated,hash_5e8aeab034e87107
vehicles_destroyed,hash_7c3ae9253d32bc70
downs_eliminated_team,hash_145aa173d16d98e5
wins_last_alive,hash_53e5311e0351d945
distance_traveled_vehicle_air,hash_539ef3a516f1caba
distance_traveled_vehicle_air_miles,hash_74f7e7cb7f38eaa3
longest_distance_kill,hash_7ba73b8bc0fa3932
vehicle_used_all,hash_66b1961a8b4d9fcd
downs_revived,hash_73dbce40eb17c57e
kills_after_damage,hash_235022d04689f60d
kills_without_damage,hash_465b947cd52b4073
scripts/core_common/map.csc,script_3f6516099f1d5ff1.gsc
scripts/core_common/map.gsc,script_6350c209b3d1b07d.gsc
scripts/core_common/oow.gsc,script_6fad66c93e15292c.gsc
on_boast,hash_6c189017e0e91d02
on_boast,function_4b1aff2
kills_enemy_in_vehicle_air,hash_111a62b6ea876e71
squads_eliminated_unassisted,hash_6304d404ce4cc029
kills_revenge,hash_617cbe12c3de6e67
kills_underwater,hash_6f878e8edc2cfac6
kills_while_stunned,hash_474d72467033e2c8
wins_without_kills,hash_7dabb8157efae82b
downs_eliminated,hash_3de53e8cc577b633
kills_enemy_in_vehicle_land,hash_16e2977279643be2
distance_traveled_foot,hash_72bde76e57d89017
wins_first,hash_5b27060b266954a7
vehicle_damage_occupied,hash_6d5ae3ac5cb7968a
distance_traveled_vehicle_land,hash_6923291b0654e45f
distance_traveled_wingsuit_miles,hash_2534c2d31b841cf4
kills_vehicle_driver,hash_5e4a783a0ecd18a4
items_health_used,hash_31e1282548e2f0aa
vehicles_destroyed_occupied,hash_490f26d6a519dca1
items_paint_cans_collected,hash_7bb5510daa652f5e
items_picked_up,var_4ceff2bf
kills_longshot_sniper,hash_37bdf169185b564d
distance_traveled_vehicle_water_miles,hash_14117457d348c414
kills_enemy_in_vehicle_water,hash_7a4e863a4d6713de
kills_vehicle_passenger,hash_5b470a9caffc584a
character_quests_completed,hash_6a1aa003c5cc9ec0
kills_unarmed,hash_58751d5a37b0dbff
items_picked_up,hash_1949395de6885988
longest_firing_range_bullseye,hash_6aff274705883e1b
cargo_supply_opened,hash_62a630870029268d
kills_equipment,hash_3e934a4d2ecdedfd
kills_zombie,hash_5e146097143ab761
headshot_damage,hash_770b357b9f671585
kills_underwater_enemy,hash_53cbb48f98c0c661
wins_without_down,hash_4344dd4b4bc790fe
items_armor_used,hash_4fe7f855e15bfe3d
stats_purifier_x2_multikill_summary,hash_12e6927a1f181c0d
stats_tak5_multikill_x2_multikill_summary,hash_6181b5265fc5ed4e
ekia_perk2_greed,hash_5e6ce18d4b5b5254
stats_rcxd_kill,hash_521c03035f73600f
stats_vision_pulse_x2_multikill_summary,hash_525cf08fc8f2cf0f
air_assault_total_kills,hash_4b92edc69ea525fc
stats_radiation_field_multikill_x2_summary,hash_66425548f6b4d833
destroy_lethal_aircraft,hash_64a7bfaede8d4d33
ekia_perk3_greed,hash_6c271157f27f925f
stats_concertina_wire_kill,hash_2dc93d1e6de62f4c
ekia_strobeflash_suppressivebarrel,hash_1e8c81be34de26cd
shutdown_annihilator_with_revolver,hash_287ebd7fa443018a
wins_arena,hash_1c95b400490ba23a
ekia_counteruav,hash_4ac3550ff8622cb4
kill_enemy_who_has_bonus_health,hash_6e5f0b13a4e75051
kill_lightweight,hash_514b48072f97315e
ekia_ammo_pickup_scavenger,hash_6e11e24e9cad97b8
ekia_enemy_uav_sensordart_ghost,hash_33e2a64b2825c893
kill_hc_stim,hash_5870347fe646f35d
hc_time_played,var_f39606bb
ekia_stunned_slowed_irradiated_cuav_resistance,hash_48da2dd2514d4c6e
specialist_multikill,function_780ac329
ekia_every_enemy_onelife,var_a3e3c63e
stats_war_machine_x2_multikill_summary,hash_3bd234a71d5f33b3
radiation_field_shutdown_ekia,hash_2e2ced6c3eb284f1
ekia_specialized_equipment,hash_3b27d333dc1a3992
kill_hc_crit_health,hash_4df4926dc674bdbb
destroy_groundbased_scorestreak,hash_436bb8e11434ff63
kill_enemy_on_land_underwater,hash_11d3c69f5a54bc66
kill_hc_fist,hash_3796fb20d85df3ee
stats_battle_shield_x2_multikill_summary,hash_47a0714ddfa70685
total_heals,hash_448216881a2ea3a1
ekia_specialist_equipment_equipmentcharge,hash_73fae8d7de870941
ekia_perk1_greed,hash_2bd2c0cabe4c6885
ekia_ads_quickdraw,hash_4859eebaa0eca480
kill_enemy_after_surviving_rcxd,hash_372c6d8c80773a55
kill_hc,hash_2c09ac12bc5011d7
score_specialized_weapons,hash_26cba7430b2ed7b1
ekia_ads_quickdraw_stalker_grip,hash_6270e744fbf21e68
ekia_deadsilence,hash_434f1790b89a2d65
ekia_ads_grip,hash_397750a1a85e94eb
kill_enemy_after_they_heal,hash_32fcecc2ce978d75
wins_core,hash_14d06f640b771fb8
direct_action_kills,hash_7333f2fa3df0ea1d
longest_killstreak,hash_5ef976b050e0aa48
kills_frag_grenade,hash_448dd62e83fdf39e
hc_time_played,hash_3a048394c836b4fa
kills_equipment,hash_3e934a4d2ecdedfd
score_arena,hash_6e15cfed6ce05699
kill_after_shot_in_back,hash_66e8377fa1876239
headshot_damage,hash_770b357b9f671585
specialist_multikill,hash_41ddd96c4183c46a
score_core,hash_2b53b624764a0a41
ekia_critical_heal_medicalinjectiongun_revenge,hash_69d71adbdaedb640
shutdown_ballisticshield_in_back,hash_338dcf397005db6e
ekia_minimap_teamlink,hash_2fca45fe2e165b71
hc_games_played,var_6eba998
ekia_core_in_tdm_dm,hash_74e55d91564b4757
stats_sensor_dart_multikill_x2_summary,hash_6b180a955b001f91
ekia_hipfire_moving_steadyaim2_burstaccelerator_wildfire_firingunit,hash_4e5c10f358ec1319
stats_concertina_wire_multikill_x2_summary,hash_7476fe46c6724393
stats_gravity_slam_multikill_x2,hash_5192cd4110abad38
stats_grapple_gun_multikill_x2_summary,hash_79dced8b891e63e5
destroy_nonlethal_aircraft,hash_458cf5a47e818c7e
ekia_hipfire_steadyaim_rf,hash_7c7d51a39a0f6cc6
ekia_minimap_awareness,hash_6d7a6c847d96d5f9
kill_enemy_thats_in_air,hash_5dad79e4cd7ab628
kill_with_weapon_in_right_hand_only,hash_2b06c2f3dac10099
ekia_perk2_gluttony,hash_1fde92ca99c05249
kill_enemy_one_bullet_headshot,hash_4db8a1f607f40ac1
destroy_scorestreaks_equipment_engineer,hash_481f9ede13340c00
kills_molotov,hash_48b36f9eaa29e8b3
ekia_burstaccelerator_wildfire_firingunit,hash_17d7f3ce4b8d1efe
stats_concertina_wire_snared_kill,hash_3d06dfa608b3b520
kill_enemy_after_you_heal,hash_380aac2b11287e8a
ekia_debuffed_enemies_specialized_weapon_equipment,hash_44c24161e9b3945c
recover_full_health_from_critical,var_8002d34
ekia_perk1_gluttony,hash_47ca0bf0dc1c1522
kill_enemy_who_has_goldenammo,hash_4336ce626c607a44
ekia_full_heal_medicalinjectiongun,hash_21b9db5498b4c451
capture_own_carepackage,hash_26662af4f77f01fe
stats_seeker_shock_mine_paralyzed_headshot,hash_3c34e77a82133b37
recover_full_health_from_critical,hash_7b6b4c15bce1d4a3
kill_enemy_through_objects,hash_2df2ce58360b7c03
ekia_tracker,hash_351e69e1ec82beb0
ekia_speedcenter_beltfed_sentrygrip,hash_18544be3ec807d95
stats_deployable_cover_x2_multikill_summary,hash_4b2ec734803df298
plants_defuses,hash_6ed8aab88512306b
stats_swat_grenade_multikill_x2_summary,hash_214868c5de7bd62b
ekia_enemy_through_wall_with_fmj,hash_7540ce5e7458291e
ekia_concussed_enemy,hash_36a4d25bb12449c0
ekia_ads_stalker,hash_58521f27f2b18579
featured_in_best_play,hash_639d9af21c54a255
ekia_specialized_weapons,hash_44671fb9af78d0c3
ekia_minimap_awareness_tracker,hash_71eb2efdbdffb45a
end_enemy_specialist_weapon_on_objective,hash_2eddb9fd8e3c8c00
shutdown_purifier_with_molotov,hash_629a20c6ee8f4970
ekia_ads_reload_quickdraw_fastreload2,hash_7e26283d90cb7c88
dung_pickedup,hash_79071dc310fc378f
perk_electric_cherry_kills,hash_783ec74bf31f604d
extra_lives_pickedup,hash_7d6f5e2da0f7af67
perk_slider_kills,hash_76650a0cbe2993ad
pack_a_punch_pickedup,hash_3ec2a334a55d8215
extra_lives_pickedup,var_550709e6
double_pap_kills,hash_45681118c2f2a280
rounds_no_damage,hash_4905ff3bfcad436e
scepter_revives,hash_5f629a09731f538c
claymore_kills,hash_133bbb2db120c3ef
pack_a_punch_pickedup,var_d858ee80
frag_kills,hash_127a105903cdac43
acid_bomb_kills,hash_39a70a2d418f6a87
fast_travels,hash_2f0fbad6ce68f465
perk_stronghold_headshots,hash_552a925ded7df134
dung_pickedup,var_dcc9d810
zmarcade_key_pickedup,var_b4012da
maxed_special_weapon_kills,hash_7d8e97afa865c9a7
shield_charge_pickedup,hash_29b45601d5e0d53f
zmarcade_key_pickedup,hash_636a6750788b3df0
talisman_used,hash_6a8397235f934872
hero_weapon_power_pickedup,var_3e74dc38
shield_charge_pickedup,var_47c42f82
mini_boss_kills,hash_4fce5ab108357eb8
catalyst_transformation_denials,hash_27474bb0ff47386d
aat_catalyst_kills,hash_564d41c1808857c7
zm_escape_ffotd,namespace_d30e5d6
zm_white_ffotd,namespace_ab52ca77
zm_red_ffotd,hash_1c3c298a2e2ab802
zm_white_ffotd,hash_112f553ed92f3424
zm_orange_ffotd,hash_1ce1c811a4d2bbdd
zm_zodt8_ffotd,hash_1776941ece88fdd8
zm_office_ffotd,hash_24eed0ed95da4fd3
zm_mansion_ffotd,namespace_8ead8dbb
zm_red_ffotd,namespace_6d14f0c0
zm_orange_ffotd,namespace_2c917c2f
zm_zodt8_ffotd,namespace_78d45989
zm_towers_ffotd,namespace_abb8b87c
zm_office_ffotd,namespace_2e942d94
zm_mansion_ffotd,hash_65ba93ead28ebe50
zm_office_gamemodes,namespace_5eaa8b14
zm_zodt8_gamemodes,namespace_7dc0077c
zm_red_gamemodes,namespace_bf320535
zm_white_gamemodes,namespace_460fc6f7
zm_orange_gamemodes,namespace_78dfd964
zm_mansion_gamemodes,namespace_b623f8ef
zm_escape_gamemodes,namespace_ca530363
zm_escape_util,hash_631d069a919a5f07
zm_white_util,namespace_9cf755b
zm_red_util,namespace_159b5b5b
zm_escape_util,namespace_54386dac
zm_orange_util,namespace_3263198e
zm_mansion_pap_quest,hash_24a3efb2884c6f31
zm_red_pap_quest,namespace_b4ea833c
zm_office_sound,namespace_fada3c80
zm_mansion_sound,namespace_48607e17
zm_orange_sound,namespace_e7aed809
zm_white_sound,namespace_e313550c
zm_zodt8_sound,namespace_64be5677
zm_office_ww_quest,namespace_d8d92c8b
zm_zodt8_devgui,namespace_6cc231db
zm_office_zones,namespace_d1510b23
zm_white_zones,namespace_9146fc8b
zm_red_zones,namespace_a409d261
zm_orange_zones,namespace_17555f14
zm_mansion_zones,namespace_8b84598b
scripts/zm_common/zm_items.gsc,script_467027ea7017462b
scripts/zm_common/bots/zm_bot.gsc,script_53f13b381cd4251d
scripts/zm_common/zm_inventory.gsc,script_1a82674d68f69c23
scripts/zm_common/zm_inventory.csc,script_79fbbb4d5723c197
scripts/zm_common/zm_items.csc,script_257d7bea5de94cbf
scripts/zm_common/zm_wallbuy.gsc,script_7224d61ed502ea07
scripts/zm_common/zm_progress.gsc,script_53efad19aa55a030
scripts/zm_common/zm_hud.gsc,script_5b4f7a8178990872
scripts/zm_common/zm_crafting.csc,script_6d85b093d74cdfdd
scripts/zm_common/zm_camos.gsc,script_5b18db57724ff7be
scripts/zm_common/zm_crafting.gsc,script_4d000493c57bb851
scripts/zm_common/zm_hud.csc,script_3762ce8163e304e6
scripts/zm_common/zm_wallbuy.csc,script_1611421ee9b880d3
scripts/zm/zm_red_main_quest.gsc,script_64ef785dc7ba19d9
scripts/zm_common/zm_loadout.gsc,script_14f4a3c583c77d4b
scripts/wz_common/wz_ai.gsc,script_5cd62dd0736e797d
e_chest,var_545bb17f
crossbow_special_t8,hash_124cfa74fbc2fd96
sniper_powersemi,hash_423a501528fbd0a2
createsmartcover,function_63c86d6
dronesquad,var_904c5958
e_arm,var_19253097
w_melee,var_d4f8477f
w_bowie,var_a15cc07f
t_ball,var_9110c374
e_marker,var_b66d1b0d
w_blundergat,var_4f57eb04
w_ww,var_6642b54d
blightfathers,hash_1bc37979ddc73c52
catalysts,hash_15bbfece95507937
e_nosferatu,var_67335db8
attackingplayer,var_dbd1a594
grapple_ids,var_ddd7276e
grapple_id,var_352f8ca9
e_from,var_ad3953a4
e_to,var_c53e9947
grapple_end,var_3a3a2919
grapple_tag,var_9319fd9
getplayer,function_4337d833
source_player,var_e2959480
w_freezegun,var_1d893842
ww_freezegun_t8,hash_2605a6745df58840
ww_freezegun_t8_upgraded,hash_5e450b80e312b0d1
e_claymore,var_8bb33a6a
w_wonder,var_9204e482
blue_nova_crawler,hash_536e9f304d677717
e_nova_crawler,var_b88c4823
e_crawler,var_3d6c445c
x_dir,var_57a69262
y_dir,var_2059cf18
z_dir,var_f98659c0
v_normalize,var_830a645d
v_norm,var_8040ec1d
weaponflechette,var_9e188c0b
nullsecondary,var_b5867a38
nullprimary,var_43d69af6
offhand_weapon,var_e088b6aa
specialweapon,var_a1960192
offhand_special,var_c8e5ca0d
t_shield,var_357aadcd
w_item,var_9c95ad05
weaponitem,var_64d58696
spawnitems,var_9ffcb596
item_weapon,var_af76aeca
s_item,var_b67f9e10
wz/pbr,hash_4a4c5c39a5d5f303
wz/tank,hash_47934713b29ff6f5
wz/cargo_truck,hash_31aeb0f803285127
cargo_t,var_309de265
wz/motorcycle,hash_27cc3dadf4c042d8
wz/suv,hash_51759939a9774d6d
scripts/zm_common/aats/zm_aat_frostbite.csc,script_22073723f8f4cda2
scripts/zm_common/aats/zm_aat_plasmatic_burst.csc,script_4548e05a471de3f5
scripts/zm_common/aats/zm_aat_brain_decay.csc,script_1f0690730d18d827
scripts/zm_common/aats/zm_aat_frostbite.gsc,script_7e1a8b23e43eca16
scripts/zm_common/aats/zm_aat_brain_decay.gsc,script_42f2fc7321ce6ef3
scripts/zm_common/aats/zm_aat_kill_o_watt.gsc,script_71c99f9188d13a15
objectiveobj,var_4ed35da2
str_sc,var_4743d914
str_code,var_d46a1171
_init_,function_f0f91440
w_comp,var_ef492be
w_component,var_1c01fdda
crafting_components,var_d95bcda9
crafting_component,var_b1ea95c6
e_client,var_9324af94
numzm,var_bf160a69
init_servers,function_95a1b94
__init,function_9738468f
levelinit,function_a97958c3
e_machine,var_b8055433
e_pack,var_ec37ff4e
w_perk,var_920c5fbb
t_power,var_923d12da
a_e_pack,var_9cb363eb
a_w_component,var_18c56c6b
a_t_power,var_3fde5055
a_w_items,var_eecd6160
a_t_shields,var_4fa6e6eb
e_catalyst,var_b8bbcd96
w_pickup,var_5af20245
o_a,var_f5663ad6
o_b,var_4ffef006
a_w_parts,var_167cb04c
a_e_bots,var_1df95d6a
a_a_arms,function_572d630b
a_w_wonder,var_8f81a2cc
a_w_items,var_eecd6160
e_code,var_f0c3a84d
a_e_codes,var_52ed9cd6
a_s_code,var_92d8ea2e
a_t_codes,var_533e85d0
t_code,var_6a14d409
a_n_codes,var_132bd718
e_dial,var_b7ba9e35
endfx,var_d2da0b88
zm_orange_pap,namespace_44916ada
scripts/zm/zm_orange_pap.gsc,script_2fcb47e3735a6edd
zodt8_sound,namespace_89e315a4
zodt8_pap_quest,namespace_e80d0291
zodt8_achievements,namespace_26f64b41
white_main_quest,namespace_4e1a75d3
zm_white_fx,namespace_3ce11c08
zm_towers_zones,namespace_31edf1d5
zm_towers_ww_quest,namespace_574b32d2
zm_towers_util,namespace_11c28b18
zm_towers_pap_quest,namespace_2ea65b04
zm_towers_gamemodes,namespace_c6fbe72b
zm_towers_achievements,namespace_26ab2959
zm_red_challenges,namespace_14104b98
zm_orange_fx,namespace_a59839fe
zm_orange_challenges,namespace_86eed980
zm_orange_challenges,hash_56eb67699f4d5fd2
zm_office_fx,namespace_a57fd442
mansion_util,namespace_c05f06c7
mansion_pap,namespace_b8f22955
mansion_achievements,namespace_4810a820
zm_escape_weap_quest,hash_35f86e4c2035f69f
zm_escape_weap_quest,namespace_60a296cc
zm_escape_traps,hash_74eeacf89752d785
zm_escape_traps,namespace_652c3ad8
a_e_traps,var_2b4789ce
a_e_trap,var_8541c382
get_map_name,function_53bbf9d2
add_debug_command,function_345e5b9a
debugcommand,var_9dcc2004
internalname,var_3e666f2f
inventoryslot,var_14f7206c
itemslot,var_158e86a3
inventory_item,var_86afeb67
item_slot_inventory,var_d4144834
item_inventory,var_b376ff3f
item_inventory,hash_568e72715a5f3355
item_inventory,namespace_b376ff3f
inventoryitem,var_b619c089
scripts/mp_common/item_inventory.gsc,script_64ab2b950d85b8ad
scripts/mp_common/item_inventory.csc,script_44257f94fbb49121
a_e_items,var_58d9e0d3
e_item,var_2e1f34dd
itemuimodel,var_e4130a92
itemmodel,var_23c48bd3
fishing_rocks,var_f05faf2e
isfishing,var_e6e3eca4
fisherman,var_8d868455
inval,var_7e1f6a77
startplayers,hash_21ff0f3139be8f97
on_end,function_9e7b3f4d
round_one,hash_5911a4f09afeb690
onendround,var_f6d301b
on_end_round,function_66cbd790
onendround,function_f6d301b
on_round_end,function_189f87c1
on_round_end,hash_193ded5c8932fe29
on_item_use,hash_41c107b83320aba2
on_item_use,function_955a779c
on_begin,function_d1de6a85
on_end,function_9e7b3f4d
entweapon,var_96cc400c
oweapon,var_8659b480
onspawned,function_590c4630
fill_power,var_1b3c4c24
scorestr,var_2ad6ce74
infectedwin,var_878ccaf0
player_freefall,function_910065da
waittill_dead guy died,hash_1619fcb8878d16b1
look now,hash_23639563af2eae72
new debug_vehiclesetspeed,hash_7df59f670b5723ce
hash_id,var_33c87f51
damage state,hash_7654c30da43c0215
128,hash_456fbb181822b8f6
kill ai puppeteer,hash_1cbbb18d9beca1f3
abort forfeit,hash_39a00a79045884ca
no valid boards,hash_3562759a2cd48f89
locking on,hash_594587fd1093c3b3
115,hash_456c3818181fa486
stop path,hash_7c36ba955d05ca78
function_thread,function_521edc64
750,hash_34e4ef180efc808b
180,hash_454dc7181805e6f4
locking on hacking,hash_7cda5f1e15bc902c
170,hash_45653118181979f3
cancel speaking,hash_5d02e24cebf138cb
turret reloading,hash_1c98ddac8879f7bc
forfeit in progress,hash_7c63ed1f465e8e8e
give up,hash_239cb033027eceb9
150,hash_455ec518181456c1
stop center screen debug,hash_63054d2b7dcb7739
350,hash_57398b1822579c1f
resuming speed,hash_7542a4bb12b44682
missile fired,hash_49f5138339c191ab
done speaking,hash_53464a658a055815
stop hover,hash_6c89e93b924cbb7f
junk purchased,hash_6147a4961fd69a6e
gate opened,hash_4c7e71f20b5a7db7
got known enemy2,hash_5c1ef88eda405ba4
end line sound,hash_66fcfbe39e07bd83
secondary acquired,hash_6dd7a2ff6886252b
destintation reached,hash_51364ded7e42dc41
eyes look now,hash_65f45f02d394bffe
var_names,var_392d3ebe
set name and rank,hash_46c82ad6bdf7e76f
500,hash_22c30b18047d0590
powerup bonfire sale,hash_4873b8fc3ebd2283
powerup instakill,hash_1fa5ede82a39664c
destination reached,hash_477c371e4f948b01
powerup points scaled,hash_682647779288cf68
startgametype,function_c89d0204
ai_damage,function_836dec7
e_damage,var_a6ed9e82
a_e_ai,var_a2e909e9
entitydamaged,var_96590ffe
var_a,var_8b1a2ec6
var_b,var_d2073c9f
var_2,var_3029f96f
var_1,var_d895ca40
flowgraph_level,namespace_f851c3be
scripts/zm/zm_escape_pebble.gsc,script_4149480a9efe4d71
scripts/zm/zm_escape_pebble.csc,script_6534f40ab3b29dfd
zm_escape_pebble,namespace_e18ec19b
zm_escape_pebble,hash_56a68c2250d5f4e3
osdm,namespace_82ae72f6
ostdm,namespace_140b10cf
prop_dev,namespace_829e1a63
laststand_mp,namespace_674e6435
mansion_silver_bullet,namespace_d0842c8b
silver_bullets,hash_598274de09f76c96
a_e_zombies,var_2b198109
ai_target_zombie,var_79cffd1e
ai_zombie_target,var_4ff501e0
wzzombies,hash_161cc16b77a29f87
type_id,var_ed5f6ed6
e_sam,var_a6323eb5
w_blundergat_upgraded,var_ab3c01bc
smg_thompson_t8_upgraded,hash_3273c6574279dea9
magmagat,hash_14db46413dd7381e
w_spork,var_444cfef5
w_spoon,var_7088dc5c
w_thompson,var_f0511818
w_thompson_upgraded,var_149c244d
spoon_alcatraz,hash_52b03a79f854eed3
spork_alcatraz,hash_32a584f5a65c70d1
scripts/wz_common/spawn.gsc,script_65d4fc42e5e94766
scripts/wz_common/wz_rat.gsc,script_18309c5377e297c0
scripts/zm_common/zm_vo.gsc,script_5bb072c3abf4652c
scripts/zm_common/zm_sq.gsc,script_6c5b51f98cd04fa3
zm_sq,namespace_ee206246
zm_chests,hash_5b81c238b9038817
trapd,namespace_9bf1b425
ct_ruin,hash_635ba9acaf53c1c1
bludy,hash_78ad0eac1e9f2db9
b_at_l,hash_392051d5f049dcd0
gh_ba,hash_5c1148f83e6db502
beaming,hash_4692cd2b3c8d2de6
ct_bots,namespace_64a487a9
trapd,hash_5eff6da6c51cbff2
glad_m,hash_59e714c9eeda2be3
do_blst,hash_587980f75fa98810
burnout,hash_3f9b8ab1dea1f35c
ct_ruin,namespace_b3ee2bfb
boxbuys,hash_6bbbabf3499f8fb3
fav,hash_5cb98c18fee01b3a
ct_bots,hash_43777b2fbd27a61d
gh_sh,hash_5c444bf83e9913b4
ispablo,hash_52d4464152a75fb9
letgo,hash_77b8180aa53275f8
glad_r,hash_59e711c9eeda26ca
maxage,hash_2fe4d5f6cd1c7ca8
oneline,hash_1ac63732ae333c4d
step_9,hash_62603b90899442ab
spawner_zm_tiger,hash_6d02ee72a5e9eff5
red_ray,function_d9cc443f
timer_4,hash_4198f754d566f3a9
female2,hash_27a6874285d32751
timer_9,hash_41990254d567065a
timer_8,hash_41990354d567080d
tcmgoal,hash_25bf2f1ea44e6b98
loc_sun,hash_5bf3ead674380860
tcmgoal,var_75399ff2
mee_2,hash_2c2f52c7b4c42bab
ww_p2_2,hash_3eb09edf042e93c7
mq3_cv2,hash_2bfae7e6471ca2aa
female4,hash_27a6894285d32ab7
sam_orb,hash_5f526b16c09951f6
wardens,hash_2f7e9fb76f9087d5
timer_1,hash_4198fa54d566f8c2
boss_loses,hash_7f4869ad69727e65
timer_5,hash_4198f654d566f1f6
timer_6,hash_4198f554d566f043
timer_7,hash_4198f454d566ee90
mq6_cv5,hash_679116c8fb952990
main_ee,hash_4e52eaf46d61c98f
permode,hash_1a3dbc08fc5d3627
ww_p1_2,hash_3761ebdf006d549e
female1,hash_27a6844285d32238
female3,hash_27a6864285d3259e
timer_2,hash_4198f954d566f70f
timer_3,hash_4198f854d566f55c
react_0,hash_4f30a7de1a21c7cb
red_ray,hash_663a4a99828c832b
s_sa_lo,hash_137909c96f5438d9
tn1,hash_56fd011944685352
ww_p2_3,hash_3eb09ddf042e9214
mq5_cv4,hash_7e699fb68d38bb56
db1,hash_4a896918f453f7d6
mq2_cv1,hash_5f145cd2c7213440
fl1,hash_5caf5318fed765da
wall_run,function_dddb1a7a
parachute_detach,function_a7ab6689
screen_b,var_59b0e5dc
tag_eggsack_weakspot_le,hash_73d1b7a90c0f326e
transform1,hash_3a2a37db966df8de
transform2,hash_3a2a36db966df72b
transform3,hash_3a2a35db966df578
transform4,hash_3a2a3cdb966e015d
tag_eggsack_weakspot_ri,hash_741c87a90c4ecc58
play_spawn_fx,function_4409aa59
anim_movement = "run",hash_2c94246462ac6748
anim_movement = "walk",hash_4170f46935239626
vehicle_turret,var_e90e82ca
tag_mouth_weakspot,hash_44497a6311259d30
tag_label,var_54d8a03c
anim_pose = "stand",hash_4c309a126c1a44ff
scripts/zm_common/bgbs/zm_bgb_power_keg.gsc,script_7a4147ec2bc01ce9
scripts/zm_common/bgbs/zm_bgb_power_keg.csc,script_1e99f3ec40d13f55
p8_zm_zod_light_bulb_01_off,hash_2fc1262ab54a0c5c
p8_wz_door_01_assylum,hash_6149a1384751c8c3
p8_zm_headstone_engraving_died,hash_3cab64db7de1082e
p8_zm_wall_buy_smg_drum_pistol,hash_689bec40e7ecdd78
p8_zm_esc_nixie_tubes,hash_2a475dc4752c8b17
p8_fxanim_zm_man_pap_quest_statue_garden_mod,hash_318a2711e4e77403
p8_care_package_02_a,hash_6ad03df2db230f33
p8_wz_door_01_frame_white,hash_2d2d8bbfcae8b556
p8_zm_gla_spile_serket_head_01,hash_5a9c6a0cacc652bc
wpn_t8_sig_radiation_device_world,hash_7d464d864fc43385
p8_zm_wall_buy_ar_modular,hash_75ff026dd5e8cd1a
p8_zm_vapor_altar_icon_01_winterswail,hash_3ceb5aea438db8ab
p8_zm_vapor_altar_icon_01_secretsauce,hash_4a19d36f59c813cf
p8_zm_vapor_altar_icon_01_timeslip,hash_7941823894380037
p8_fxanim_zm_man_pap_quest_statue_fountain_mod,hash_3fe50271537529e6
p8_zm_red_charron_coin_01_emissive,hash_42922d386f71af85
p8_zm_wall_buy_ar_fastfire,hash_1472b36f2021eaca
p8_zm_gla_jar_gold_01_full,hash_2b0b7a64db1fe73d
c_t8_zmb_mob_ghoul_body2_rob,hash_7d8db72b88d71fd7
p8_zm_vapor_altar_icon_01_quickrevive,hash_27bc5d3ed0fc8a2e
p8_zm_wall_buy_smg_accurate,hash_37f7b4dd345c97a0
p8_fxanim_zm_esc_shockbox_damaged_mod,hash_6ef14a3a2f07236e
p8_zm_vapor_altar_icon_01_phdslider,hash_5a4a8916573af691
p8_zm_esc_gondola_frame_light_green,hash_56b462c83d957bf9
p8_zm_red_rune_circle_charron,hash_639fb0b334dba041
p8_fxanim_zm_zod_staff_ra_mod,hash_22d226727b787ebf
p8_zm_zod_teleport_symbol,hash_66b6d35be9ee618e
p8_zm_man_pap_gazing_stone_03_full,hash_55f5de51b5f366fb
p8_zm_man_pap_gazing_stone_01_full,hash_75789bca38aa1419
p8_zm_esc_gondola_frame_light_red,hash_58bd6f9c59c726c5
p8_zm_esc_rock_small_blue,hash_5c658b9685a8e220
c_t8_zmb_dlc0_elephant_chain4,hash_4fa83b5b64e75887
p8_zm_wall_buy_tr_longburst,hash_2aaed6f517eedff1
p8_wz_door_barricade_01_lrg,hash_5308594e726c540e
p8_zm_wall_buy_shotgun_trenchgun,hash_2aa0030efc6a28e9
p8_zm_wall_buy_tr_leveraction,hash_77da47a49c46d7cf
p8_zm_esc_nixie_tubes_on,hash_53d213db448a97e1
p8_zm_red_rune_circle_gaia,hash_36c43975c0f01294
wpn_t8_zm_knife_stake_world,hash_2bea3ece67482937
p8_zm_wall_buy_lmg_titan,hash_1d8e22348c4b45c9
p8_wz_door_01_assylum_double,hash_782cd59538c6d7e9
p8_fxanim_zm_man_pap_drawers_mod,hash_1dd3416afee692d8
p8_fxanim_zm_red_ww_shell_mound_mod,hash_3bf30a7a2293e7ae
p7_light_round_spot_flat_on_warm,hash_55a8e771dde6c619
c_t8_zmb_dlc0_zombie_destroyer_rarm1_dam,hash_2c9ad2bed0d2bcdf
p8_zm_vapor_altar_icon_01_deadshot,hash_3d6bbf11f303d3b6
p8_zm_vapor_altar_icon_01_electricburst,hash_415de96df488bf83
p8_zm_man_book_symbol_04,hash_5a2bfbb29186d2d6
p8_zm_vapor_altar_icon_01_bloodwolf,hash_4d317eb82b267b50
wpn_t8_zm_melee_dw_hand_cannon_lvl1_world,hash_7ea144f04cd2c343
c_t8_zmb_mob_ghoul_body1_rob,hash_551dbb04d3fde912
p8_wz_foliage_tree_oak_md,hash_1a4e506fbadd9db6
p8_wz_teddybear,hash_217ded615ffcff28
p8_zm_wall_buy_pistol_standard,hash_4bd467e0dabd5709
p8_zm_wall_buy_ar_accurate,hash_4943e3162de8ef6e
p8_fxanim_zm_perk_vending_cola_mod,hash_72ce199a2f767495
p8_zm_man_fire_trap_power_core_on,hash_739ab862899e9135
c_t8_zmb_dlc0_elephant_chain2_evil,hash_7d53be376158dffc
p8_fxanim_zm_red_ww_shell_rubble_mod,hash_470ffa9697b6bf4d
p8_zm_esc_dream_catcher_blue,hash_7e904f02c722b68b
p8_fxanim_zm_man_pap_safe_mod,hash_2c76d5bc4c5adb79
p8_wz_door_barricade_01,hash_699fd623f8d686ee
p8_zm_red_rune_circle_ouranos,hash_3b9943a1d5cb16f9
p8_fxanim_zm_man_pap_graveyard_mod,hash_13fe648896c9dc33
c_t8_zmb_dlc0_elephant_chain6_evil,hash_32c877458080c680
p8_fxanim_zm_man_pap_platter_mod,hash_37c9b0c4b462bd22
p8_zm_wall_buy_smg_fastfire,hash_179a6a7859bb71a0
wpn_t8_eqp_briefcase_bomb_stow,hash_5426eab51c4c10bc
p8_zm_vapor_altar_icon_01_mulekick,hash_38dbbd5ffd6720fb
p8_fxanim_zm_zod_kraken_chest_mod,hash_14afe310dc0d4bd9
p8_zm_elixir_sword_flay_ui,hash_59d206090210d6c9
p8_zm_red_powerup_free_shield,hash_1fe820c97bc70c8d
p8_zm_vapor_altar_icon_01_stonecoldstronghold,hash_643d5f2e554dd425
p8_screen_tactical_artic_01,hash_3b92b4e828277c82
wpn_t8_zm_melee_dw_hand_cannon_lvl3_world,hash_52bb9dc078b64e29
p8_zm_red_rune_ra_03,hash_733270a48486727c
wpn_t8_zm_elixir_bottle_world,hash_135f3e6a22309583
p8_zm_wall_buy_tr_powersemi,hash_648f3e9c3b9bf102
c_t8_zmb_dlc0_elephant_chain1_evil,hash_7dc07ccf4279d977
c_t8_zmb_dlc0_elephant_chain1,hash_4fa8365b64e75008
p8_fxanim_zm_red_ww_shell_chaos_mod,hash_4367983d789eefe7
c_t8_zmb_dlc0_elephant_chain3_evil,hash_2368463b34158f49
p8_wz_door_01_diner,hash_290a174e389e6f29
c_t8_zmb_mob_ghoul_body3_rob,hash_463ef93e7556c574
c_t8_zmb_dlc1_nosferatu_humanoid_chaos_drop,hash_1db3b13073cc966d
p8_care_package_03_a,hash_62a824f2d6a931f8
c_t8_zmb_dlc0_zombie_destroyer_larm1_dam,hash_3634f266929240d1
p8_zm_vapor_altar_icon_01_dyingwish,hash_452b78bcd7fc7082
p8_fxanim_zm_esc_shockbox_mod,hash_6af35b192ddcbfd6
p8_wz_door_01_frame_wooden,hash_5cac930f08cac52b
p8_zm_vapor_altar_icon_01_deathperception,hash_3135c5c88bb80ce5
p8_zm_elixir_ctrl_z_ui,hash_5f31d1bf67933013
p8_care_package_01_a,hash_758592f2e1c88aa2
p8_zm_vapor_altar_icon_01_staminup,hash_6c0474e5948852cb
p8_fxanim_zm_red_vapor_altar_ra_mod,hash_1d2e6398115c7fb4
p8_zm_gla_spile_serket_01,hash_2a69359be4696c83
p8_wz_win_teddybear,hash_71512392558a739d
c_t8_zmb_dlc0_elephant_chain3,hash_4fa8385b64e7536e
wpn_t8_zm_red_spear_world,hash_36510c7f31145aba
c_t8_zmb_dlc0_elephant_chain2,hash_4fa8395b64e75521
p8_zm_gla_artifact_podium_on,hash_77c082bfbea9adca
c_t8_zmb_dlc0_elephant_chain5_evil,hash_77bc0eb77181ba5b
p8_fxanim_zm_perk_vending_brew_mod,hash_52ea8d11cd7fefd0
p8_zm_red_rune_ra_01,hash_733272a4848675e2
p8_zm_esc_catwalk_door_light_green,hash_15a86c6d9bd77dbb
p8_zm_red_rune_ra_02,hash_733271a48486742f
p8_fxanim_zm_red_ww_vase_mod,hash_5ec0fb8f581282b9
p8_zm_elixir_in_plain_sight_ui,hash_144549dfb6b8bda5
p8_fxanim_zm_zod_pneumatic_tube_flare_mod,hash_1263e29ccfb2e70b
c_t8_zmb_dlc0_elephant_chain6,hash_4fa83d5b64e75bed
p8_fxanim_zm_perk_vending_soda_mod,hash_412846638d8a5d6d
p7_tire_rubber_worn_wet,hash_5865aeb1d1f0712a
p8_fxanim_zm_man_pap_quest_entrance_room_mod,hash_5b8a7611e9763f9b
p8_zm_red_powerup_free_equiptment,hash_5677a59295a577f8
p8_fxanim_zm_man_clock_03_mod,hash_65ed2bf94169fd50
p8_fxanim_zm_esc_generator_lrg_mod,hash_15aa134ac94c6614
p8_fxanim_zm_man_clock_02_mod,hash_3bf4900d0ea602b3
p8_fxanim_zm_man_pap_wall_mod,hash_2ceba6aefd3f75f4
p8_wz_door_01_array,hash_1d237cb3c02d5a18
p8_zm_wall_buy_pistol_burst,hash_6160275248857912
scripts/zm_common/bgbs/zm_bgb_refresh_mint.csc,script_43cf0005237c9838
scripts/zm_common/bgbs/zm_bgb_free_fire.gsc,script_37a2215ca9b364d1
scripts/zm_common/bgbs/zm_bgb_nowhere_but_there.csc,script_7a71fa3cd7dff849
scripts/zm_common/bgbs/zm_bgb_free_fire.csc,script_5827cd5cbb848c5d
scripts/zm_common/bgbs/zm_bgb_phantom_reload.gsc,script_486181f0130e5917
scripts/zm_common/bgbs/zm_bgb_perk_up.gsc,script_13a87ab5d3958dc2
scripts/zm_common/bgbs/zm_bgb_suit_up.csc,script_14ee6fa6993057e5
scripts/zm_common/bgbs/zm_bgb_talkin_bout_regeneration.csc,script_7dc45b8d862e9eda
scripts/zm_common/bgbs/zm_bgb_talkin_bout_regeneration.gsc,script_5cd1af8d7400a56e
scripts/zm_common/bgbs/zm_bgb_dividend_yield.csc,script_3c1fe5f059a0c8c9
scripts/zm_common/bgbs/zm_bgb_ctrl_z.csc,script_6bfaa4dd6e76ac64
scripts/zm_common/bgbs/zm_bgb_nowhere_but_there.gsc,script_1b65a63cea0fa4b5
scripts/zm_common/bgbs/zm_bgb_head_scan.gsc,script_2255c2a547a920e4
scripts/zm_common/bgbs/zm_bgb_conflagration_liquidation.gsc,script_17c7da02a39f8349
scripts/zm_common/bgbs/zm_bgb_point_drops.gsc,script_6ca56430999a4445
scripts/zm_common/bgbs/zm_bgb_join_the_party.gsc,script_58110da5b022cf7f
scripts/zm_common/bgbs/zm_bgb_join_the_party.csc,script_7c6ab9a5c535a4eb
scripts/zm_common/bgbs/zm_bgb_conflagration_liquidation.csc,script_38bb8602b5cf2fb5
scripts/zm_common/bgbs/zm_bgb_refresh_mint.gsc,script_1fe254050ec694ac
scripts/zm_common/bgbs/zm_bgb_dividend_yield.gsc,script_5d1391f06bd07535
scripts/zm_common/bgbs/zm_bgb_point_drops.csc,script_4bb2b830876c4ad9
scripts/zm_common/bgbs/zm_bgb_equip_mint.gsc,script_2cb278c1e1b4d02d
scripts/zm_common/bgbs/zm_bgb_phantom_reload.csc,script_68e82df024e133a3
scripts/zm_common/bgbs/zm_bgb_suit_up.gsc,script_73fbc3a687025e79
scripts/zm_common/bgbs/zm_bgb_head_scan.csc,script_42dc6ea5597bfb70
scripts/zm_common/bgbs/zm_bgb_anti_entrapment.gsc,script_2235a78ae71e9dab
scripts/zm_common/bgbs/zm_bgb_shields_up.gsc,script_762c97e89cc1f6ae
scripts/zm_common/bgbs/zm_bgb_shields_up.csc,script_1a8643e8b1d4cc1a
scripts/zm_common/bgbs/zm_bgb_perk_up.csc,script_6fbcceb5bee13d36
zm_bgb_dividend_yield,hash_2fd8f0866dbeda28
zm_bgb_perk_up,namespace_ea8c4bc9
zm_bgb_phantom_reload,namespace_52d1ce59
zm_bgb_shields_up,hash_56d3df5058c56523
zm_bgb_equip_mint,namespace_f828baee
zm_bgb_phantom_reload,hash_560ca45c0a2daef2
zm_bgb_conflagration_liquidation,hash_465c22731c18755c
zm_bgb_refresh_mint,namespace_2dadcb58
zm_bgb_suit_up,namespace_eb173264
zm_bgb_anti_entrapment,hash_7c80df83e002a4d6
zm_bgb_dividend_yield,namespace_d9876c98
zm_bgb_head_scan,namespace_64cafbad
zm_bgb_free_fire,namespace_7d2b62ed
zm_bgb_conflagration_liquidation,namespace_25a84595
zm_bgb_nowhere_but_there,namespace_770fd0f5
zm_bgb_shields_up,namespace_86e99a0d
zm_bgb_point_drops,namespace_626b0a08
zm_bgb_point_drops,hash_177ea318753f5418
zm_bgb_talkin_bout_regeneration,namespace_522dc10
zm_bgb_join_the_party,hash_39376ab9d627e38a
zm_bgb_anti_entrapment,namespace_bc725b59
zm_bgb_perk_up,hash_16f5a81348e35487
zm_bgb_ctrl_z,hash_6953696819bf1875
zm_bgb_equip_mint,hash_18932d2054c58cd0
zm_bgb_suit_up,hash_53f12a7ebb3e91ac
zm_bgb_ctrl_z,namespace_4b749ba2
zm_bgb_join_the_party,namespace_fd46b4a7
scripts/mp_common/gametypes/ct_vo.gsc,script_5b092d41f1ecae8a
scripts/mp_common/gametypes/ct_core.csc,script_6f708b088707e166
scripts/mp_common/gametypes/ct_core.gsc,script_135d37089bbde4f2
ct_core,namespace_13777bae
ct_vo,namespace_8c007aa6
teamint,var_b0a45a26
1000,hash_d8269f0f88e4a24
wzzombies,hash_161cc16b77a29f87
scripts/core_common/map.csc,script_3f6516099f1d5ff1
scripts/core_common/map.gsc,script_6350c209b3d1b07d
scripts/zm_common/bgbs/zm_bgb_anti_entrapment.csc,script_142fb8ad4f0a43f
scripts/zm_common/bgbs/zm_bgb_ctrl_z.gsc,script_c8150dd804986f0
scripts/zm_common/zm_characters.csc,script_2c454d63a96d2d0b
scripts/zm_common/zm_characters.gsc,script_b52a163973f339f
scripts/zm_common/zm_trial.csc,script_3c362258ff800237
npc_pablo,var_d827e909
scripts/zm/zm_escape_spoon.gsc,script_36574a0018b81aa0
scripts/weapons/weapons.gsc,script_7bafaa95bb1b427e
scripts/weapons/weapons.csc,script_1ca35695cd4aeeea
scripts/weapons/tabun.gsc,script_428fb003dff092fb
scripts/weapons/trapd.gsc,script_123facbef9b63a62
scripts/weapons/mp/weapons.gsc,script_1320d08e0182e6b8
scripts/killstreaks/mp/swat_team.gsc,script_7434eebb984beca
scripts/killstreaks/mp/counteruav.gsc,script_47d248640dc1f97f
scripts/killstreaks/mp/straferun.gsc,script_1a90ebee3c26817
scripts/killstreaks/mp/uav.gsc,script_3539cbff3042175f
scripts/killstreaks/mp/drone_squadron.gsc,script_6b9f341f33fde99
scripts/killstreaks/mp/supplydrop.gsc,script_6b93dd1f0ad89d91
scripts/killstreaks/mp/killstreakrules.gsc,script_5bd8202e0b44a5b2
scripts/weapons/weaponobjects.csc,script_64ac23dbb2d7d587
scripts/weapons/weaponobjects.gsc,script_8988fdbc78d6c53
scripts/weapons/grenades.gsc,script_1bcc1f64e8b3929c
scripts/weapons/empgrenade.csc,script_c123756e822be1f
scripts/weapons/ballistic_knife.gsc,script_3469488e46c579c6
scripts/weapons/lightninggun.gsc,script_36533f63ec873bef
scripts/zm/zm_mansion_silver_bullet.gsc,script_c17220bc4d57fdd
scripts/zm/zm_mansion_silver_bullet.csc,script_6b91760bb3045851
scripts/killstreaks/mp/supplydrop.csc,script_f80891f1f8ea11d
scripts/killstreaks/killstreak_detect.gsc,script_bc6a9a35c229565
scripts/killstreaks/killstreak_detect.csc,script_6ad3fda349f49bf9
scripts/killstreaks/flak_drone.gsc,script_eed89631556efd2
scripts/killstreaks/airsupport.gsc,script_57c900a7e39234be
scripts/weapons/gravity_spikes.gsc,script_6b2be07726845c37
scripts/weapons/smokegrenade.gsc,script_59c6bfe164142356
scripts/killstreaks/mp/killstreaks.gsc,script_229f24b1662651c4
scripts/weapons/mp/trophy_system.gsc,script_7eac5379a6193d3
scripts/weapons/hacker_tool.gsc,script_6d9aa3cb389aa46a
scripts/weapons/riotshield.gsc,script_74dcfa80e284e9fc
scripts/weapons/molotov.gsc,script_7a7230237f77d815
scripts/weapons/grapple.gsc,script_1ead38ea12d4eaa8
register_killstreak,function_e4ef8390
settingsbundle,var_51d5c26f
equip_weapon,function_2b4d7b66
equip_health,function_11fc9fa9
equip_equipment,function_c8bedf1b
equip_backpack,function_2dab8a7f
attachment0,var_65be22a9
equip_attachment,function_224c09c9
equip_ammo,function_11089ed8
scripts/weapons/localheal.gsc,script_7347471e195b15da
getweaponammotype,function_e36b5f2c
ammoitem,var_375298f3
itemtypes,var_b2f6f151
hero_gadget,var_518b9d9d
w_equip,var_64225f6c
zombieweapon,var_d9e1fd5
w_wallbuy,var_38e724e6
sig_buckler,hash_514f1c2ee7ec8acf
shlocalh,var_6fd8da7
localheal,var_1d79aad6
localheal,namespace_1d79aad6
scripts/abilities/ability_player.gsc,script_2dc48f46bfeac894
scripts/abilities/ability_player.csc,script_51b0fb46d4a05f60
scripts/abilities/ability_gadgets.csc,script_17539b09f594dc50
scripts/abilities/ability_gadgets.gsc,script_76ccef09e3c201c4
scripts/abilities/gadgets/gadget_combat_efficiency.gsc,script_901f9386a5957ff
scripts/abilities/gadgets/gadget_radiation_field.gsc,script_1d2e98050575ce0b
scripts/abilities/gadgets/gadget_health_regen.gsc,script_4663ec59d864e437
scripts/abilities/gadgets/gadget_tripwire.gsc,script_34d114dff9ef2f09
scripts/abilities/gadgets/gadget_vision_pulse.csc,script_ecbb3819941bb69
scripts/abilities/ability_util.csc,script_35d655b3a0e4a949
scripts/abilities/ability_util.gsc,script_56ca01b3b31455b5
scripts/abilities/ability_power.csc,script_6b418dbafc965acc
scripts/abilities/ability_power.gsc,script_bc839bb0e693558
scripts/abilities/gadgets/gadget_hero_weapon.gsc,script_59408f14f772675a
hero_gadget,var_518b9d9d
w_gadget,var_35ec2dc3
scripts/abilities/zm/abilities.gsc,script_c3ea7c20c961a1a
scripts/abilities/mp/abilities.gsc,script_c14aec609291966
scripts/weapons/shockrifle.csc,script_717dae5fdb2f4ef
scripts/weapons/shockrifle.gsc,script_280a86e60fe0ee5b
scripts/abilities/gadgets/gadget_concertina_wire.gsc,script_1650e0411c055aa7
scripts/abilities/gadgets/gadget_concertina_wire.csc,script_3a3d4c4130baf173
